-- phpMyAdmin SQL Dump
-- version 5.0.2
-- https://www.phpmyadmin.net/
--
-- Host: 127.0.0.1:3306
-- Generation Time: Jun 25, 2021 at 09:34 PM
-- Server version: 5.7.31
-- PHP Version: 7.3.21

SET SQL_MODE = "NO_AUTO_VALUE_ON_ZERO";
START TRANSACTION;
SET time_zone = "+00:00";


/*!40101 SET @OLD_CHARACTER_SET_CLIENT=@@CHARACTER_SET_CLIENT */;
/*!40101 SET @OLD_CHARACTER_SET_RESULTS=@@CHARACTER_SET_RESULTS */;
/*!40101 SET @OLD_COLLATION_CONNECTION=@@COLLATION_CONNECTION */;
/*!40101 SET NAMES utf8mb4 */;

--
-- Database: `academico`
--
CREATE DATABASE IF NOT EXISTS `academico` DEFAULT CHARACTER SET utf8 COLLATE utf8_general_ci;
USE `academico`;

-- --------------------------------------------------------

--
-- Table structure for table `alunos`
--

DROP TABLE IF EXISTS `alunos`;
CREATE TABLE IF NOT EXISTS `alunos` (
  `Id` int(11) NOT NULL AUTO_INCREMENT,
  `Disciplina` int(11) NOT NULL,
  `Estudante` int(11) NOT NULL,
  PRIMARY KEY (`Id`)
) ENGINE=MyISAM AUTO_INCREMENT=21 DEFAULT CHARSET=utf8;

--
-- Dumping data for table `alunos`
--

INSERT INTO `alunos` (`Id`, `Disciplina`, `Estudante`) VALUES
(4, 1, 4),
(12, 4, 2),
(11, 4, 4),
(20, 1, 7),
(15, 2, 4),
(16, 2, 2),
(18, 1, 2);

-- --------------------------------------------------------

--
-- Table structure for table `disciplinas`
--

DROP TABLE IF EXISTS `disciplinas`;
CREATE TABLE IF NOT EXISTS `disciplinas` (
  `Id` int(11) NOT NULL AUTO_INCREMENT,
  `Nome` varchar(70) NOT NULL,
  `Professor` int(11) NOT NULL,
  PRIMARY KEY (`Id`)
) ENGINE=MyISAM AUTO_INCREMENT=5 DEFAULT CHARSET=utf8;

--
-- Dumping data for table `disciplinas`
--

INSERT INTO `disciplinas` (`Id`, `Nome`, `Professor`) VALUES
(1, 'Matematica', 1),
(2, 'Geografia', 3),
(4, 'Portugues', 3);

-- --------------------------------------------------------

--
-- Table structure for table `estudantes`
--

DROP TABLE IF EXISTS `estudantes`;
CREATE TABLE IF NOT EXISTS `estudantes` (
  `Id` int(11) NOT NULL AUTO_INCREMENT,
  `Nome` varchar(100) NOT NULL,
  `cpf` varchar(11) NOT NULL,
  `data_nasc` date NOT NULL,
  PRIMARY KEY (`Id`)
) ENGINE=InnoDB AUTO_INCREMENT=9 DEFAULT CHARSET=utf8;

--
-- Dumping data for table `estudantes`
--

INSERT INTO `estudantes` (`Id`, `Nome`, `cpf`, `data_nasc`) VALUES
(2, 'Matheus Rodrigues', '14075524655', '1978-05-01'),
(4, 'Maria Rodrigues', '14075524655', '1978-05-01'),
(7, 'Carlos Matheus', '12345678911', '2005-01-01');

-- --------------------------------------------------------

--
-- Table structure for table `professores`
--

DROP TABLE IF EXISTS `professores`;
CREATE TABLE IF NOT EXISTS `professores` (
  `Id` int(11) NOT NULL AUTO_INCREMENT,
  `Nome` varchar(100) NOT NULL,
  `CPF` varchar(11) NOT NULL,
  `data_nasc` date NOT NULL,
  PRIMARY KEY (`Id`)
) ENGINE=InnoDB AUTO_INCREMENT=4 DEFAULT CHARSET=utf8;

--
-- Dumping data for table `professores`
--

INSERT INTO `professores` (`Id`, `Nome`, `CPF`, `data_nasc`) VALUES
(1, 'Vinícius Resende de Oliveira A', '14075524655', '1999-10-01'),
(2, 'Vinícius R Oliveira', '14075524655', '1988-05-01'),
(3, 'Vinícius Rodrigues', '14075524655', '1978-05-01');
COMMIT;

/*!40101 SET CHARACTER_SET_CLIENT=@OLD_CHARACTER_SET_CLIENT */;
/*!40101 SET CHARACTER_SET_RESULTS=@OLD_CHARACTER_SET_RESULTS */;
/*!40101 SET COLLATION_CONNECTION=@OLD_COLLATION_CONNECTION */;
